"0","def modelingpath(rootpath,mflag): "
"0","  modelPath = rootpath + '/model_' + str(mflag) + '/model' "
"0","  samplepath = rootpath + '/model_' + str(mflag) + '/sample' "
"0","  # Create or recreate the model directory"
"0","  if not os.path.exists(modelPath):"
"0","      os.makedirs(modelPath)"
"0","  # Create the sample directory for storing sampling results"
"0","  if not os.path.exists(samplepath):"
"0","      os.makedirs(samplepath)"
"0","  return samplepath,modelPath"
"0","  "
"0","# Create the path for saving the trained model"
"0","mflag = 'no2x_jpinn'"
"0","samplepath_jpinn,savepath_jpinn = modelingpath(rootpath,mflag)"
"0",""
