"0","library(reticulate)"
"0","use_condaenv(""phy2no2x"", required = TRUE)"
"0","py_config()"
"1","python:         /home/lsupera/anaconda3/envs/phy2no2x/bin/python
libpython:      /home/lsupera/anaconda3/envs/phy2no2x/lib/libpython3.9.so
pythonhome:     /home/lsupera/anaconda3/envs/phy2no2x:/home/lsupera/anaconda3/envs/phy2no2x
version:        3.9.21 (main, Dec 11 2024, 16:24:11)  [GCC 11.2.0]
numpy:          /home/lsupera/anaconda3/envs/phy2no2x/lib/python3.9/site-packages/numpy
numpy_version:  1.26.0

NOTE: Python version was forced by use_python() function
"
